experiment,k,depth,run,witness_s,prove_s,verify_s,total_prover_s,status
merkle_depth,10,2,1,0.12106900099999507,3.5673278059999802,0.650406978999996,3.6883968069999753,success
merkle_depth,10,2,2,0.12848141399999236,3.5955642670000145,0.6635965030000079,3.724045681000007,success
merkle_depth,10,2,3,0.1335476950000043,3.616898464000002,0.6419606369999826,3.750446159000006,success
merkle_depth,10,2,4,0.13497783599999025,3.588871707999999,0.6666041340000106,3.7238495439999895,success
merkle_depth,10,2,5,0.12721838499999194,3.607442753999976,0.6446931170000028,3.734661138999968,success
merkle_depth,10,2,6,0.13356557899999189,3.565728452000002,0.6413336760000163,3.6992940309999938,success
merkle_depth,10,2,7,0.12862479200001076,3.5504738169999825,0.6469254690000241,3.6790986089999933,success
merkle_depth,10,2,8,0.126108945999988,3.5631142469999872,0.6341113299999961,3.6892231929999753,success
merkle_depth,10,2,9,0.13374348400000713,3.638806117999991,0.6359865159999742,3.772549601999998,success
merkle_depth,10,2,10,0.1304684079999845,3.7920747490000224,0.8693817209999963,3.922543157000007,success
merkle_depth,10,2,11,0.17401753400000075,4.282469489999983,0.7102720299999987,4.456487023999983,success
merkle_depth,10,2,12,0.1432528439999885,4.242601856000022,0.7275865789999898,4.38585470000001,success
merkle_depth,10,2,13,0.1566845629999989,4.233509451000003,0.6853697390000093,4.390194014000002,success
merkle_depth,10,2,14,0.12910568999998873,3.552756348999992,0.6291568729999995,3.6818620389999808,success
merkle_depth,10,2,15,0.12397599999999898,3.6456916280000087,0.6498198320000199,3.7696676280000077,success
merkle_depth,10,2,16,0.12763857999999573,3.5937590510000064,0.6305096650000053,3.721397631000002,success
merkle_depth,10,2,17,0.13275982900000827,3.602276398999976,0.6362118170000031,3.7350362279999842,success
merkle_depth,10,2,18,0.12464752500000031,3.5440781300000026,0.645834409999992,3.668725655000003,success
merkle_depth,10,2,19,0.12085405299998797,3.5815703370000165,0.6417925289999857,3.7024243900000045,success
merkle_depth,10,2,20,0.1290926069999898,3.628794290000002,0.6482156810000106,3.7578868969999917,success
merkle_depth,10,2,21,0.12908960499999012,3.570119157999983,0.6374498029999813,3.699208762999973,success
merkle_depth,10,2,22,0.12525337200000308,3.6137532920000126,0.6391092519999688,3.7390066640000157,success
merkle_depth,10,2,23,0.13402582200001234,3.603978041000005,0.6398217020000061,3.738003863000017,success
merkle_depth,10,2,24,0.12628085699998337,3.545982734000006,0.6440418220000197,3.6722635909999894,success
merkle_depth,10,2,25,0.12317583599997306,3.582166468999958,0.6472128469999916,3.705342304999931,success
merkle_depth,10,2,26,0.13075053900001876,3.5571824579999998,0.6487874630000192,3.6879329970000185,success
merkle_depth,10,2,27,0.12491621300000588,3.5757812979999812,0.6532275289999916,3.700697510999987,success
merkle_depth,10,2,28,0.13010484000000133,3.6058085129999995,0.6381528960000082,3.735913353000001,success
merkle_depth,10,2,29,0.13295413299999836,3.5695940520000136,0.6288260040000182,3.702548185000012,success
merkle_depth,10,2,30,0.13186371900002314,3.5456939280000483,0.6493905919999747,3.6775576470000715,success
merkle_depth,10,4,1,0.1419017410000265,3.7499600559999635,0.6500246190000212,3.89186179699999,success
merkle_depth,10,4,2,0.13296022100001892,3.6405190929999662,0.653789583000048,3.773479313999985,success
merkle_depth,10,4,3,0.12571720500000083,3.6737480950000077,0.6385386040000185,3.7994653000000085,success
merkle_depth,10,4,4,0.1297990590000495,3.6384019810000154,0.639691809999988,3.768201040000065,success
merkle_depth,10,4,5,0.12484880799996745,3.692122640999969,0.6480801270000143,3.8169714489999365,success
merkle_depth,10,4,6,0.13476034799998615,3.719177540999965,0.6413307130000021,3.853937888999951,success
merkle_depth,10,4,7,0.1341696150000189,3.6409598500000016,0.6444374270000139,3.7751294650000204,success
merkle_depth,10,4,8,0.13962491799998134,3.6657022640000037,0.6704380470000046,3.805327181999985,success
merkle_depth,10,4,9,0.13709917699998186,3.672197230999984,0.6426456199999961,3.809296407999966,success
merkle_depth,10,4,10,0.13569494899996926,3.6575366559999907,0.6328428019999706,3.79323160499996,success
merkle_depth,10,4,11,0.12494452800001454,3.6554457849999835,0.6451233539999635,3.780390312999998,success
merkle_depth,10,4,12,0.1298296040000082,3.6650665359999834,0.6262269930000457,3.7948961399999916,success
merkle_depth,10,4,13,0.1407614749999766,3.6836168049999856,0.6362119500000176,3.824378279999962,success
merkle_depth,10,4,14,0.1259574990000374,3.7442862030000015,0.6605332750000343,3.870243702000039,success
merkle_depth,10,4,15,0.12852550699994936,3.6754135110000448,0.6427092170000037,3.803939017999994,success
merkle_depth,10,4,16,0.12945113600000013,3.694578149999984,0.663728730999992,3.824029285999984,success
merkle_depth,10,4,17,0.12879214100001946,3.6728095160000294,0.6486169140000015,3.801601657000049,success
merkle_depth,10,4,18,0.1357248080000204,3.6505360950000068,0.6334194369999864,3.786260903000027,success
merkle_depth,10,4,19,0.13166617299998506,3.6707735019999745,0.6408012609999787,3.8024396749999596,success
merkle_depth,10,4,20,0.14327315299999555,3.6755079800000203,0.6412519699999848,3.818781133000016,success
merkle_depth,10,4,21,0.13820940900001233,3.667407308999998,0.6467795710000246,3.8056167180000102,success
merkle_depth,10,4,22,0.1311001239999996,3.6431713400000376,0.6289057500000013,3.774271464000037,success
merkle_depth,10,4,23,0.1320700090000173,3.661292143999958,0.642717819999973,3.7933621529999755,success
merkle_depth,10,4,24,0.13698134000003392,3.635626454999965,0.6399169450000386,3.772607794999999,success
merkle_depth,10,4,25,0.12551803899998504,3.6027311660000123,0.6293897969999875,3.7282492049999973,success
merkle_depth,10,4,26,0.12477158100000452,3.6334703400000308,0.6367275989999825,3.7582419210000353,success
merkle_depth,10,4,27,0.12184854499997755,3.6360686840000085,0.6279889219999859,3.757917228999986,success
merkle_depth,10,4,28,0.12303449400002364,3.6507514390000324,0.6442939750000392,3.773785933000056,success
merkle_depth,10,4,29,0.13254749000003585,3.643659522000007,0.6323058610000203,3.776207012000043,success
merkle_depth,10,4,30,0.13714247999996587,3.628852426000037,0.634367984999983,3.765994906000003,success
merkle_depth,10,8,1,0.12822672800001556,3.780201004000048,0.6359531179999749,3.9084277320000638,success
merkle_depth,10,8,2,0.1296623629999658,3.8006409060000124,0.6554666660000521,3.930303268999978,success
merkle_depth,10,8,3,0.15025640899995096,3.8102786270000024,0.640859407999983,3.9605350359999534,success
merkle_depth,10,8,4,0.14142363199999863,3.7930078700000536,0.6485696729999972,3.934431502000052,success
merkle_depth,10,8,5,0.13650793799996563,3.7967843170000037,0.6472236139999836,3.9332922549999694,success
merkle_depth,10,8,6,0.14556209099998796,3.81548117899996,0.6293096909999463,3.961043269999948,success
merkle_depth,10,8,7,0.1289755099999752,3.8463026130000344,0.6493115889999785,3.9752781230000096,success
merkle_depth,10,8,8,0.136353124999971,3.819365829999981,0.6409786719999602,3.955718954999952,success
merkle_depth,10,8,9,0.13030964699999004,3.793049887000052,0.635990731999982,3.923359534000042,success
merkle_depth,10,8,10,0.13499050399991575,3.794874183000047,0.636256560999982,3.929864686999963,success
merkle_depth,10,8,11,0.1269961330000342,3.7353161440000804,0.6455199580000226,3.8623122770001146,success
merkle_depth,10,8,12,0.12727583200000936,3.778491049000081,0.6419735399999809,3.9057668810000905,success
merkle_depth,10,8,13,0.14424074800001563,3.7973118000001023,0.641838622000023,3.941552548000118,success
merkle_depth,10,8,14,0.12731687100006184,3.796587417000069,0.6453880510000545,3.9239042880001307,success
merkle_depth,10,8,15,0.13868906699997297,3.7765487700000904,0.6442247250000719,3.9152378370000633,success
merkle_depth,10,8,16,0.1314911709999933,3.8177421410000534,0.6627825980000353,3.9492333120000467,success
merkle_depth,10,8,17,0.13251677400000972,3.8271336149999797,0.6525068590000274,3.9596503889999894,success
merkle_depth,10,8,18,0.13505008599997836,3.8096380549999367,0.6569638590000295,3.944688140999915,success
merkle_depth,10,8,19,0.1409497659999488,3.8784159790000103,0.6478493949999802,4.019365744999959,success
merkle_depth,10,8,20,0.14491793900003813,3.8100547729999334,0.6382944189999762,3.9549727119999716,success
merkle_depth,10,8,21,0.1436102599999458,3.8009492439999804,0.6351428539999233,3.944559503999926,success
merkle_depth,10,8,22,0.12856210600000395,3.763812909999956,0.6476887599999372,3.89237501599996,success
merkle_depth,10,8,23,0.142704158000015,3.760329361999993,0.6532258769999544,3.903033520000008,success
merkle_depth,10,8,24,0.142728947999899,3.795655667999995,0.6412973219999003,3.938384615999894,success
merkle_depth,10,8,25,0.13987120399997366,3.7609567490000018,0.6480102950000628,3.9008279529999754,success
merkle_depth,10,8,26,0.14174254899990046,3.797488069999986,0.6319893309999998,3.9392306189998862,success
merkle_depth,10,8,27,0.14527655100005177,3.813674336999952,0.6507796099999723,3.958950888000004,success
merkle_depth,10,8,28,0.13252503700005036,3.8000782010000194,0.633042989000046,3.9326032380000697,success
merkle_depth,10,8,29,0.13375415100006194,3.795613892999995,0.6614609529999598,3.929368044000057,success
merkle_depth,10,8,30,0.13045917899989945,3.7925109669999983,0.6411451400000487,3.922970145999898,success
merkle_depth,10,16,1,0.41536531999997806,5.049353197000073,0.628857299999936,5.464718517000051,success
merkle_depth,10,16,2,0.4328374880000183,5.098084205999953,0.629596547999995,5.5309216939999715,success
merkle_depth,10,16,3,0.4153927150000527,5.09595074899994,0.6341384100001051,5.511343463999992,success
merkle_depth,10,16,4,0.43552401499994176,5.074698187999957,0.632672532000015,5.510222202999898,success
merkle_depth,10,16,5,0.42133492799996475,5.059847359000059,0.6378354269999136,5.481182287000024,success
merkle_depth,10,16,6,0.4243100080000204,5.15300314000001,0.6639037830000234,5.57731314800003,success
merkle_depth,10,16,7,0.42748946200003957,5.097559622999938,0.640622852999968,5.525049084999978,success
merkle_depth,10,16,8,0.4321108030000005,5.057816254000045,0.6370133439999108,5.489927057000045,success
merkle_depth,10,16,9,0.43132483099998353,5.06593430800001,0.627905781000095,5.497259138999993,success
merkle_depth,10,16,10,0.4177171049999515,5.068125132999967,0.631695751000052,5.485842237999918,success
merkle_depth,10,16,11,0.42071218000000954,5.094025149000004,0.6538674560000572,5.514737329000013,success
merkle_depth,10,16,12,0.4163294260000612,5.056334626999956,0.6367487940000274,5.472664053000017,success
merkle_depth,10,16,13,0.4252846969999382,5.039571550000005,0.6398398740000175,5.464856246999943,success
merkle_depth,10,16,14,0.43068694699991283,5.083713276999902,0.6331439409999575,5.514400223999814,success
merkle_depth,10,16,15,0.41412779500001307,5.052048990999992,0.6462373640000578,5.4661767860000054,success
merkle_depth,10,16,16,0.42929108999999244,5.116468743000041,0.6323442829999522,5.545759833000034,success
merkle_depth,10,16,17,0.4233397599999762,5.025657177000085,0.6535142879999967,5.448996937000061,success
merkle_depth,10,16,18,0.41913353799998276,5.0357343990000345,0.6439546479999763,5.454867937000017,success
merkle_depth,10,16,19,0.41552870399993935,5.085668563000013,0.6458111290000943,5.501197266999952,success
merkle_depth,10,16,20,0.42387999100003526,5.065481481999996,0.6318736829999807,5.489361473000031,success
merkle_depth,10,16,21,0.42385999500004345,5.061973158000001,0.6254715390000456,5.485833153000044,success
merkle_depth,10,16,22,0.42989352600000075,5.045772155999998,0.6304117949999863,5.475665681999999,success
merkle_depth,10,16,23,0.4173336249999693,5.066060187000062,0.6446320339999829,5.483393812000031,success
merkle_depth,10,16,24,0.414086144999942,5.070035067000049,0.627974901000016,5.484121211999991,success
merkle_depth,10,16,25,0.42357308999999077,5.063543112999923,0.6320894480001016,5.487116202999914,success
merkle_depth,10,16,26,0.4196545800000422,5.0222608049999735,0.6309776260000035,5.441915385000016,success
merkle_depth,10,16,27,0.41691087200001675,5.041815947000032,0.6418467360000477,5.458726819000049,success
merkle_depth,10,16,28,0.4160441770000034,5.005439539999998,0.6349954830000115,5.421483717000001,success
merkle_depth,10,16,29,0.4054615839999087,5.045204744999978,0.6379688050000141,5.450666328999887,success
merkle_depth,10,16,30,0.40394813300008536,5.030795889000046,0.6287263699999812,5.434744022000132,success
